,timestamp,car_id,station_id,event_name,elapsed_time
0,2024-05-08 16:21:27,cod0316,3e6c0191c8371a4abf03b6f9cf49b529,arrive - charge,
1,2024-05-08 17:08:29,cod0039,c701a997d9bef627835b036efb4eca63,arrive - charge,
2,2024-05-08 18:08:47,cod0172,bcbdc857aaf698544556b72de87ca6a3,arrive - charge,
3,2024-05-08 18:14:10,cod0039,c701a997d9bef627835b036efb4eca63,charge - finish,3941.0
4,2024-05-08 18:29:17,cod0157,b4382895819caad3a3cdb580eff83351,arrive - charge,
5,2024-05-08 18:46:06,cod0237,d30cca09053fc7dffbf5576cde094c45,arrive - charge,
6,2024-05-08 19:02:28,cod0348,1b7f860f0874f582a9118ec56a879e56,arrive - charge,
7,2024-05-08 19:16:06,cod0172,bcbdc857aaf698544556b72de87ca6a3,charge - finish,4039.0
8,2024-05-08 19:24:54,cod0316,3e6c0191c8371a4abf03b6f9cf49b529,charge - finish,11007.0
9,2024-05-08 19:43:37,cod0299,b97888a4e999fc77272f5c07cb8a6af5,arrive - charge,
10,2024-05-08 20:08:48,cod0299,b97888a4e999fc77272f5c07cb8a6af5,charge - finish,1511.0
11,2024-05-08 20:18:13,cod0385,d12ffc3496b137532d0b8210a9534e9a,arrive - charge,
12,2024-05-08 20:21:28,cod0045,0678da5f429992fbea0dd38e030a8f90,arrive - charge,
13,2024-05-08 20:27:53,cod0187,93e834de5ae9c81bc0e429317ad399c1,arrive - charge,
14,2024-05-08 20:30:42,cod0365,b5bac3664df06aece363a410ab49f7cf,arrive - charge,
15,2024-05-08 20:36:04,cod0269,563dafe66e94d4e9272688412a7ac2b9,arrive - charge,
16,2024-05-08 20:41:48,cod0303,563dafe66e94d4e9272688412a7ac2b9,arrive - charge,
17,2024-05-08 20:44:38,cod0165,3111e81e07cbaa995b104cf34e1d2f78,arrive - charge,
18,2024-05-08 20:48:13,cod0321,2de61109e663f192a2044e8448f48717,arrive - charge,
19,2024-05-08 20:59:25,cod0189,ce8ff54cc28466b0b264f0c2b5893287,arrive - charge,
20,2024-05-08 21:06:06,cod0336,a39256a0972490978df0b4d85c5736be,arrive - charge,
21,2024-05-08 21:07:47,cod0232,963e82893dbdc1ab86670eaef29f43a2,arrive - charge,
22,2024-05-08 21:15:47,cod0228,5d0e19c6c541acec303211eb3d34ab7f,arrive - charge,
23,2024-05-08 21:20:55,cod0324,c6f92a0838596bf1aac964af6c1c09cc,arrive - charge,
24,2024-05-08 21:23:45,cod0197,3830cfca4f44f313f1e732d95e826c4e,arrive - charge,
25,2024-05-08 21:23:59,cod0053,1b7f860f0874f582a9118ec56a879e56,arrive - charge,
26,2024-05-08 21:24:11,cod0059,8a7a2a135d4d237e650116bc579d0d08,arrive - charge,
27,2024-05-08 21:24:48,cod0209,1edee226a3ec95d234dbb32fc8b782a2,arrive - charge,
28,2024-05-08 21:38:08,cod0103,29e0a1f2cb05332359d74a207ba1cadb,arrive - charge,
29,2024-05-08 21:40:35,cod0303,563dafe66e94d4e9272688412a7ac2b9,charge - finish,3527.0
30,2024-05-08 21:45:24,cod0059,8a7a2a135d4d237e650116bc579d0d08,charge - finish,1273.0
31,2024-05-08 21:47:24,cod0269,563dafe66e94d4e9272688412a7ac2b9,charge - finish,4280.0
32,2024-05-08 21:53:15,cod0054,6a6549014ff1b0f6da021038c74e0a61,arrive - charge,
33,2024-05-08 21:54:09,cod0232,963e82893dbdc1ab86670eaef29f43a2,charge - finish,2782.0
34,2024-05-08 21:54:11,cod0348,1b7f860f0874f582a9118ec56a879e56,charge - finish,10303.0
35,2024-05-08 21:59:59,cod0053,1b7f860f0874f582a9118ec56a879e56,charge - finish,2160.0
36,2024-05-08 22:02:32,cod0146,8493662892d33f586f1af8975e9be522,arrive - charge,
37,2024-05-08 22:03:17,cod0335,5f144f396670d569bf9bcdc22c6027ca,arrive - charge,
38,2024-05-08 22:03:25,cod0043,d2fc9bb4b3a1a0f3e0e98786824313ce,arrive - charge,
39,2024-05-08 22:03:36,cod0186,14e891bef3193505ed74f24135475387,arrive - charge,
40,2024-05-08 22:04:38,cod0287,2bc56faebc8f79cc2d39018ed2198299,arrive - charge,
41,2024-05-08 22:07:23,cod0089,3416647574be9565ce90ef16e973d083,arrive - charge,
42,2024-05-08 22:09:49,cod0007,3510418ba022e024e342ea5ebff9c756,arrive - charge,
43,2024-05-08 22:10:06,cod0336,a39256a0972490978df0b4d85c5736be,charge - finish,3840.0
44,2024-05-08 22:13:23,cod0103,29e0a1f2cb05332359d74a207ba1cadb,charge - finish,2115.0
45,2024-05-08 22:16:18,cod0302,7b5fb650c7bca123d83dd9cf7f7f9bca,arrive - charge,
46,2024-05-08 22:19:28,cod0042,f1da252df1a892e5183e5f6be405f68c,arrive - charge,
47,2024-05-08 22:24:24,cod0085,c93618deffad09b5327534af45699cd3,arrive - charge,
48,2024-05-08 22:25:24,cod0324,c6f92a0838596bf1aac964af6c1c09cc,charge - finish,3869.0
49,2024-05-08 22:28:01,cod0118,e757852199c96e39152d28c1efea00c0,arrive - charge,
50,2024-05-08 22:28:07,cod0284,f3ade07c95869d169f835b4edf163cf8,arrive - charge,
51,2024-05-08 22:29:51,cod0160,1992b616775bee981f22484f8906ef6c,arrive - charge,
52,2024-05-08 22:30:26,cod0167,5ab8cf2bb773fb1b08fb934567cddb6a,arrive - charge,
53,2024-05-08 22:32:58,cod0290,0337b072bf67d2d155103851a4f90466,arrive - charge,
54,2024-05-08 22:34:51,cod0185,0ecbe2d1052ab4f21fd72c5eacbd04b8,arrive - charge,
55,2024-05-08 22:36:11,cod0089,3416647574be9565ce90ef16e973d083,charge - finish,1728.0
56,2024-05-08 22:37:25,cod0215,0678da5f429992fbea0dd38e030a8f90,arrive - charge,
57,2024-05-08 22:37:34,cod0031,5734bb4825668b18cf9482687c0c2b40,arrive - charge,
58,2024-05-08 22:38:00,cod0012,22d5d332428968f85ded9ffec389686c,arrive - charge,
59,2024-05-08 22:38:35,cod0212,d53a683ae5daa34edb84c7607c92d6a1,arrive - charge,
60,2024-05-08 22:41:57,cod0326,d429d47203b5890c103f352320d467ff,arrive - charge,
61,2024-05-08 22:43:11,cod0196,ce8ff54cc28466b0b264f0c2b5893287,arrive - queue,
62,2024-05-08 22:44:33,cod0234,d429d47203b5890c103f352320d467ff,arrive - charge,
63,2024-05-08 22:44:57,cod0370,39c684ef55e8058d9d755500b4870508,arrive - charge,
64,2024-05-08 22:46:07,cod0025,8a7a2a135d4d237e650116bc579d0d08,arrive - charge,
65,2024-05-08 22:47:50,cod0224,d498549511e1982457c449a498a12eb0,arrive - charge,
66,2024-05-08 22:49:07,cod0120,5e946476809f30de607f5b0b47ac49a4,arrive - charge,
67,2024-05-08 22:49:44,cod0054,6a6549014ff1b0f6da021038c74e0a61,charge - finish,3389.0
68,2024-05-08 22:54:53,cod0181,2de61109e663f192a2044e8448f48717,arrive - charge,
69,2024-05-08 22:55:08,cod0000,ce8ff54cc28466b0b264f0c2b5893287,arrive - queue,
70,2024-05-08 22:55:22,cod0065,264ec29337b3f21223e2731333d4d954,arrive - charge,
71,2024-05-08 23:00:42,cod0007,3510418ba022e024e342ea5ebff9c756,charge - finish,3053.0
72,2024-05-08 23:01:52,cod0367,563dafe66e94d4e9272688412a7ac2b9,arrive - charge,
73,2024-05-08 23:03:22,cod0220,a81438d0412b464915b7a283c671b0cf,arrive - charge,
74,2024-05-08 23:08:20,cod0018,9c7665e03d528d1838f10c9c837e36e9,arrive - charge,
75,2024-05-08 23:11:51,cod0382,026e4ab9d68f3537b91f1930471a999c,arrive - charge,
76,2024-05-08 23:12:44,cod0218,1b7f860f0874f582a9118ec56a879e56,arrive - charge,
77,2024-05-08 23:15:26,cod0186,14e891bef3193505ed74f24135475387,charge - finish,4310.0
78,2024-05-08 23:15:40,cod0309,119f6887f5ebfd6d5b40213819263e68,arrive - charge,
79,2024-05-08 23:15:47,cod0239,4175883acf83089135ff7acd62567221,arrive - charge,
80,2024-05-08 23:16:02,cod0042,f1da252df1a892e5183e5f6be405f68c,charge - finish,3394.0
81,2024-05-08 23:20:08,cod0349,1edee226a3ec95d234dbb32fc8b782a2,arrive - charge,
82,2024-05-08 23:23:39,cod0107,b52630c925d39fd3e8917621a930705f,arrive - charge,
83,2024-05-08 23:24:59,cod0293,aecf89d1270d044970cf4da4de7cf218,arrive - charge,
84,2024-05-08 23:25:28,cod0152,68f72ce18fdbdc6aec6f299eb6dc8cf4,arrive - charge,
85,2024-05-08 23:25:37,cod0328,7b5fb650c7bca123d83dd9cf7f7f9bca,arrive - charge,
86,2024-05-08 23:26:05,cod0092,378f322cfe754a8f5d987afb5faa6312,arrive - charge,
87,2024-05-08 23:27:16,cod0352,dfc895269f44b9f0cf17eee59f364531,arrive - charge,
88,2024-05-08 23:28:57,cod0365,b5bac3664df06aece363a410ab49f7cf,charge - finish,10695.0
89,2024-05-08 23:29:27,cod0167,5ab8cf2bb773fb1b08fb934567cddb6a,charge - finish,3541.0
90,2024-05-08 23:32:29,cod0244,1dcf139ba8f25a7c487f0af16ae7d53b,arrive - charge,
91,2024-05-08 23:36:13,cod0262,c55ead078947051a856b1f3beb85f748,arrive - charge,
92,2024-05-08 23:39:41,cod0113,7b5fb650c7bca123d83dd9cf7f7f9bca,arrive - queue,
93,2024-05-08 23:40:26,cod0012,22d5d332428968f85ded9ffec389686c,charge - finish,3746.0
94,2024-05-08 23:41:40,cod0181,2de61109e663f192a2044e8448f48717,charge - finish,2807.0
95,2024-05-08 23:47:01,cod0388,c391014771f4bf86024b31abdf19483d,arrive - charge,
96,2024-05-08 23:47:07,cod0082,663234dbab46dd33830eb04df2e506d1,arrive - charge,
97,2024-05-08 23:47:37,cod0215,0678da5f429992fbea0dd38e030a8f90,charge - finish,4212.0
98,2024-05-08 23:53:12,cod0280,d30cca09053fc7dffbf5576cde094c45,arrive - charge,
99,2024-05-08 23:55:39,cod0013,14dece81fc72843212ea6cc81558dd1a,arrive - charge,
100,2024-05-08 23:55:56,cod0070,663234dbab46dd33830eb04df2e506d1,arrive - charge,
101,2024-05-08 23:58:57,cod0218,1b7f860f0874f582a9118ec56a879e56,charge - finish,2773.0
102,2024-05-09 00:05:27,cod0052,91c15dbadb1114023857abfdbd0d809a,arrive - charge,
103,2024-05-09 00:08:35,cod0196,ce8ff54cc28466b0b264f0c2b5893287,queue - give up,5124.0
104,2024-05-09 00:09:05,cod0079,a81438d0412b464915b7a283c671b0cf,arrive - charge,
105,2024-05-09 00:10:13,cod0153,fa42af438e58b799189dd26386f5870f,arrive - charge,
106,2024-05-09 00:10:49,cod0173,5c81e23a425043e4d1b3ffd58b6d2125,arrive - charge,
107,2024-05-09 00:11:03,cod0298,aa01df8e6c2526116e1a7eab3f634de8,arrive - charge,
108,2024-05-09 00:11:22,cod0185,0ecbe2d1052ab4f21fd72c5eacbd04b8,charge - finish,5791.0
109,2024-05-09 00:12:06,cod0392,90d60beb748605ceebd6f17551dd5a1d,arrive - charge,
110,2024-05-09 00:12:31,cod0157,b4382895819caad3a3cdb580eff83351,charge - finish,20594.0
111,2024-05-09 00:13:08,cod0115,0678da5f429992fbea0dd38e030a8f90,arrive - charge,
112,2024-05-09 00:14:16,cod0287,2bc56faebc8f79cc2d39018ed2198299,charge - finish,7778.0
113,2024-05-09 00:18:55,cod0108,4175883acf83089135ff7acd62567221,arrive - charge,
114,2024-05-09 00:19:30,cod0180,5ab8cf2bb773fb1b08fb934567cddb6a,arrive - charge,
115,2024-05-09 00:20:45,cod0366,963e82893dbdc1ab86670eaef29f43a2,arrive - charge,
116,2024-05-09 00:20:46,cod0397,16644a3ed5102e32e7fa6cfb3fd5d00a,arrive - charge,
117,2024-05-09 00:21:35,cod0382,026e4ab9d68f3537b91f1930471a999c,charge - finish,4184.0
118,2024-05-09 00:25:18,cod0321,2de61109e663f192a2044e8448f48717,charge - finish,13025.0
119,2024-05-09 00:25:52,cod0018,9c7665e03d528d1838f10c9c837e36e9,charge - finish,4652.0
120,2024-05-09 00:27:48,cod0070,663234dbab46dd33830eb04df2e506d1,charge - finish,1912.0
121,2024-05-09 00:30:24,cod0352,dfc895269f44b9f0cf17eee59f364531,charge - finish,3788.0
122,2024-05-09 00:31:10,cod0257,d53a683ae5daa34edb84c7607c92d6a1,arrive - charge,
123,2024-05-09 00:32:29,cod0101,b4382895819caad3a3cdb580eff83351,arrive - charge,
124,2024-05-09 00:32:55,cod0393,1dcf139ba8f25a7c487f0af16ae7d53b,arrive - charge,
125,2024-05-09 00:34:08,cod0237,d30cca09053fc7dffbf5576cde094c45,charge - finish,20882.0
126,2024-05-09 00:36:09,cod0000,ce8ff54cc28466b0b264f0c2b5893287,queue - give up,6061.0
127,2024-05-09 00:36:13,cod0293,aecf89d1270d044970cf4da4de7cf218,charge - finish,4274.0
128,2024-05-09 00:36:22,cod0245,b1d9863ed0b5f9f6e757178e11220a75,arrive - charge,
129,2024-05-09 00:37:09,cod0221,5f144f396670d569bf9bcdc22c6027ca,arrive - charge,
130,2024-05-09 00:38:58,cod0243,b5bac3664df06aece363a410ab49f7cf,arrive - charge,
131,2024-05-09 00:40:09,cod0013,14dece81fc72843212ea6cc81558dd1a,charge - finish,2670.0
132,2024-05-09 00:41:27,cod0290,0337b072bf67d2d155103851a4f90466,charge - finish,7709.0
133,2024-05-09 00:42:55,cod0220,a81438d0412b464915b7a283c671b0cf,charge - finish,5973.0
134,2024-05-09 00:44:10,cod0141,a39256a0972490978df0b4d85c5736be,arrive - charge,
135,2024-05-09 00:44:54,cod0120,5e946476809f30de607f5b0b47ac49a4,charge - finish,6947.0
136,2024-05-09 00:44:58,cod0252,ce8ff54cc28466b0b264f0c2b5893287,arrive - queue,
137,2024-05-09 00:45:13,cod0139,767c2163a253eef3f20770449d1829eb,arrive - charge,
138,2024-05-09 00:46:37,cod0183,811783f944604d2c336ede66678c3558,arrive - charge,
139,2024-05-09 00:47:38,cod0302,7b5fb650c7bca123d83dd9cf7f7f9bca,charge - finish,9080.0
140,2024-05-09 00:47:38,cod0113,7b5fb650c7bca123d83dd9cf7f7f9bca,queue - charge,578318.0
141,2024-05-09 00:48:53,cod0149,b97888a4e999fc77272f5c07cb8a6af5,arrive - charge,
142,2024-05-09 00:49:47,cod0050,767c2163a253eef3f20770449d1829eb,arrive - charge,
143,2024-05-09 00:51:32,cod0164,fa42af438e58b799189dd26386f5870f,arrive - charge,
144,2024-05-09 00:53:16,cod0210,d498549511e1982457c449a498a12eb0,arrive - charge,
145,2024-05-09 00:58:11,cod0245,b1d9863ed0b5f9f6e757178e11220a75,charge - finish,1309.0
146,2024-05-09 00:58:33,cod0344,b97888a4e999fc77272f5c07cb8a6af5,arrive - charge,
147,2024-05-09 00:59:00,cod0367,563dafe66e94d4e9272688412a7ac2b9,charge - finish,7028.0
148,2024-05-09 00:59:18,cod0052,91c15dbadb1114023857abfdbd0d809a,charge - finish,3231.0
149,2024-05-09 01:02:43,cod0202,95b22f6d3c85b4945466aee72a712a01,arrive - charge,
150,2024-05-09 01:03:07,cod0124,b97888a4e999fc77272f5c07cb8a6af5,arrive - queue,
151,2024-05-09 01:03:27,cod0270,597dd91e6b177f393877f173f231593f,arrive - charge,
152,2024-05-09 01:05:11,cod0211,d4430aa7d7bf3f30bb8fedc3e0650700,arrive - charge,
153,2024-05-09 01:06:51,cod0372,1dcf139ba8f25a7c487f0af16ae7d53b,arrive - queue,
154,2024-05-09 01:07:42,cod0353,d429d47203b5890c103f352320d467ff,arrive - charge,
155,2024-05-09 01:10:40,cod0280,d30cca09053fc7dffbf5576cde094c45,charge - finish,4648.0
156,2024-05-09 01:10:54,cod0392,90d60beb748605ceebd6f17551dd5a1d,charge - finish,3528.0
157,2024-05-09 01:14:00,cod0050,767c2163a253eef3f20770449d1829eb,charge - finish,1453.0
158,2024-05-09 01:15:09,cod0149,b97888a4e999fc77272f5c07cb8a6af5,charge - finish,1576.0
159,2024-05-09 01:15:09,cod0124,b97888a4e999fc77272f5c07cb8a6af5,queue - charge,574963.0
160,2024-05-09 01:18:13,cod0047,8493662892d33f586f1af8975e9be522,arrive - charge,
161,2024-05-09 01:18:29,cod0173,5c81e23a425043e4d1b3ffd58b6d2125,charge - finish,4060.0
162,2024-05-09 01:19:30,cod0261,20517922e9ccaa1c2c3d30d8e47e394a,arrive - charge,
163,2024-05-09 01:21:45,cod0148,90d60beb748605ceebd6f17551dd5a1d,arrive - charge,
164,2024-05-09 01:23:51,cod0045,0678da5f429992fbea0dd38e030a8f90,charge - finish,18143.0
165,2024-05-09 01:24:32,cod0397,16644a3ed5102e32e7fa6cfb3fd5d00a,charge - finish,3826.0
166,2024-05-09 01:24:35,cod0313,4a421463135a0f5e506740db32d16b97,arrive - charge,
167,2024-05-09 01:25:00,cod0146,8493662892d33f586f1af8975e9be522,charge - finish,12148.0
168,2024-05-09 01:25:27,cod0347,9f713a6a52c8af8d2122f551e8dca6f1,arrive - charge,
169,2024-05-09 01:25:33,cod0010,9c7665e03d528d1838f10c9c837e36e9,arrive - charge,
170,2024-05-09 01:25:42,cod0364,14e891bef3193505ed74f24135475387,arrive - charge,
171,2024-05-09 01:28:31,cod0385,d12ffc3496b137532d0b8210a9534e9a,charge - finish,18618.0
172,2024-05-09 01:28:33,cod0376,0678da5f429992fbea0dd38e030a8f90,arrive - charge,
173,2024-05-09 01:32:40,cod0306,c529a75eee4961bfc46a79304cd9569c,arrive - charge,
174,2024-05-09 01:36:20,cod0268,5c81e23a425043e4d1b3ffd58b6d2125,arrive - charge,
175,2024-05-09 01:37:04,cod0273,b88f071fefbec84cdcd534fe9ac19b17,arrive - charge,
176,2024-05-09 01:37:52,cod0227,767c2163a253eef3f20770449d1829eb,arrive - charge,
177,2024-05-09 01:37:55,cod0065,264ec29337b3f21223e2731333d4d954,charge - finish,9753.0
178,2024-05-09 01:40:57,cod0024,2bc56faebc8f79cc2d39018ed2198299,arrive - charge,
179,2024-05-09 01:42:05,cod0068,0337b072bf67d2d155103851a4f90466,arrive - charge,
180,2024-05-09 01:42:30,cod0239,4175883acf83089135ff7acd62567221,charge - finish,8803.0
181,2024-05-09 01:44:32,cod0119,36630d466cace25dae4653947bb0fd30,arrive - charge,
182,2024-05-09 01:48:36,cod0221,5f144f396670d569bf9bcdc22c6027ca,charge - finish,4287.0
183,2024-05-09 01:49:43,cod0137,c391014771f4bf86024b31abdf19483d,arrive - charge,
184,2024-05-09 01:50:03,cod0175,0337b072bf67d2d155103851a4f90466,arrive - charge,
185,2024-05-09 01:52:23,cod0298,aa01df8e6c2526116e1a7eab3f634de8,charge - finish,6080.0
186,2024-05-09 01:52:48,cod0309,119f6887f5ebfd6d5b40213819263e68,charge - finish,9428.0
187,2024-05-09 01:53:10,cod0225,119f6887f5ebfd6d5b40213819263e68,arrive - charge,
188,2024-05-09 01:53:15,cod0076,1678d948c4bf1a3ce42ea77ef3dfa147,arrive - charge,
189,2024-05-09 01:55:17,cod0330,d12ffc3496b137532d0b8210a9534e9a,arrive - charge,
190,2024-05-09 01:58:57,cod0201,c701a997d9bef627835b036efb4eca63,arrive - charge,
191,2024-05-09 01:59:26,cod0010,9c7665e03d528d1838f10c9c837e36e9,charge - finish,2033.0
192,2024-05-09 02:00:49,cod0127,5d0e19c6c541acec303211eb3d34ab7f,arrive - queue,
193,2024-05-09 02:01:06,cod0153,fa42af438e58b799189dd26386f5870f,charge - finish,6653.0
194,2024-05-09 02:03:10,cod0067,3830cfca4f44f313f1e732d95e826c4e,arrive - charge,
195,2024-05-09 02:04:31,cod0213,ac7a21c48f5833b33a5b606b2089e6a9,arrive - charge,
196,2024-05-09 02:04:57,cod0024,2bc56faebc8f79cc2d39018ed2198299,charge - finish,1440.0
197,2024-05-09 02:06:57,cod0184,3510418ba022e024e342ea5ebff9c756,arrive - charge,
198,2024-05-09 02:08:18,cod0228,5d0e19c6c541acec303211eb3d34ab7f,charge - finish,17551.0
199,2024-05-09 02:08:18,cod0127,5d0e19c6c541acec303211eb3d34ab7f,queue - charge,574690.0
200,2024-05-09 02:09:06,cod0257,d53a683ae5daa34edb84c7607c92d6a1,charge - finish,5876.0
201,2024-05-09 02:09:22,cod0020,1dcf139ba8f25a7c487f0af16ae7d53b,arrive - queue,
202,2024-05-09 02:11:04,cod0328,7b5fb650c7bca123d83dd9cf7f7f9bca,charge - finish,9927.0
203,2024-05-09 02:11:43,cod0118,e757852199c96e39152d28c1efea00c0,charge - finish,13422.0
204,2024-05-09 02:12:29,cod0389,3510418ba022e024e342ea5ebff9c756,arrive - queue,
205,2024-05-09 02:13:22,cod0189,ce8ff54cc28466b0b264f0c2b5893287,charge - finish,18837.0
206,2024-05-09 02:13:22,cod0252,ce8ff54cc28466b0b264f0c2b5893287,queue - charge,579545.0
207,2024-05-09 02:18:10,cod0375,3111e81e07cbaa995b104cf34e1d2f78,arrive - charge,
208,2024-05-09 02:19:41,cod0243,b5bac3664df06aece363a410ab49f7cf,charge - finish,6043.0
209,2024-05-09 02:20:42,cod0031,5734bb4825668b18cf9482687c0c2b40,charge - finish,13388.0
210,2024-05-09 02:22:22,cod0284,f3ade07c95869d169f835b4edf163cf8,charge - finish,14055.0
211,2024-05-09 02:23:10,cod0187,93e834de5ae9c81bc0e429317ad399c1,charge - finish,21317.0
212,2024-05-09 02:24:45,cod0349,1edee226a3ec95d234dbb32fc8b782a2,charge - finish,11077.0
213,2024-05-09 02:25:53,cod0362,50dd7100bcbd98c41b1179143a2325a4,arrive - charge,
214,2024-05-09 02:26:08,cod0212,d53a683ae5daa34edb84c7607c92d6a1,charge - finish,13653.0
215,2024-05-09 02:26:14,cod0260,2c28c158158420634d46f24306253924,arrive - charge,
216,2024-05-09 02:27:58,cod0145,5734bb4825668b18cf9482687c0c2b40,arrive - charge,
217,2024-05-09 02:29:21,cod0183,811783f944604d2c336ede66678c3558,charge - finish,6164.0
218,2024-05-09 02:30:03,cod0124,b97888a4e999fc77272f5c07cb8a6af5,charge - finish,4494.0
219,2024-05-09 02:30:12,cod0210,d498549511e1982457c449a498a12eb0,charge - finish,5816.0
220,2024-05-09 02:31:27,cod0369,91c15dbadb1114023857abfdbd0d809a,arrive - charge,
221,2024-05-09 02:32:25,cod0224,d498549511e1982457c449a498a12eb0,charge - finish,13475.0
222,2024-05-09 02:32:27,cod0306,c529a75eee4961bfc46a79304cd9569c,charge - finish,3587.0
223,2024-05-09 02:35:45,cod0197,3830cfca4f44f313f1e732d95e826c4e,charge - finish,18720.0
224,2024-05-09 02:36:08,cod0165,3111e81e07cbaa995b104cf34e1d2f78,charge - finish,21090.0
225,2024-05-09 02:36:16,cod0102,93e834de5ae9c81bc0e429317ad399c1,arrive - charge,
226,2024-05-09 02:36:38,cod0107,b52630c925d39fd3e8917621a930705f,charge - finish,11579.0
227,2024-05-09 02:42:07,cod0313,4a421463135a0f5e506740db32d16b97,charge - finish,4652.0
228,2024-05-09 02:43:40,cod0331,5f144f396670d569bf9bcdc22c6027ca,arrive - charge,
229,2024-05-09 02:44:56,cod0259,4a421463135a0f5e506740db32d16b97,arrive - charge,
230,2024-05-09 02:45:18,cod0034,6b249c7c7dc2164a67edeb1e67a36436,arrive - charge,
231,2024-05-09 02:45:19,cod0068,0337b072bf67d2d155103851a4f90466,charge - finish,3794.0
232,2024-05-09 02:45:43,cod0202,95b22f6d3c85b4945466aee72a712a01,charge - finish,6180.0
233,2024-05-09 02:46:02,cod0308,a39256a0972490978df0b4d85c5736be,arrive - charge,
234,2024-05-09 02:47:24,cod0209,1edee226a3ec95d234dbb32fc8b782a2,charge - finish,19356.0
235,2024-05-09 02:48:19,cod0372,1dcf139ba8f25a7c487f0af16ae7d53b,queue - give up,6088.0
236,2024-05-09 02:50:21,cod0248,5f144f396670d569bf9bcdc22c6027ca,arrive - queue,
237,2024-05-09 02:50:24,cod0184,3510418ba022e024e342ea5ebff9c756,charge - finish,2607.0
238,2024-05-09 02:50:24,cod0389,3510418ba022e024e342ea5ebff9c756,queue - charge,576516.0
239,2024-05-09 02:56:25,cod0087,ae56099c8f56df643a42d951bb172afb,arrive - charge,
240,2024-05-09 02:56:42,cod0025,8a7a2a135d4d237e650116bc579d0d08,charge - finish,15035.0
241,2024-05-09 02:56:44,cod0231,ae56099c8f56df643a42d951bb172afb,arrive - charge,
242,2024-05-09 02:58:20,cod0023,e757852199c96e39152d28c1efea00c0,arrive - charge,
243,2024-05-09 02:58:28,cod0062,2c28c158158420634d46f24306253924,arrive - charge,
244,2024-05-09 02:58:33,cod0318,663234dbab46dd33830eb04df2e506d1,arrive - charge,
245,2024-05-09 03:00:22,cod0137,c391014771f4bf86024b31abdf19483d,charge - finish,4239.0
246,2024-05-09 03:02:40,cod0175,0337b072bf67d2d155103851a4f90466,charge - finish,4357.0
247,2024-05-09 03:04:09,cod0077,aec2da5fd06f796eca6a890fb03aec43,arrive - charge,
248,2024-05-09 03:05:20,cod0393,1dcf139ba8f25a7c487f0af16ae7d53b,charge - finish,9145.0
249,2024-05-09 03:05:20,cod0020,1dcf139ba8f25a7c487f0af16ae7d53b,queue - charge,577599.0
250,2024-05-09 03:06:00,cod0205,dfc895269f44b9f0cf17eee59f364531,arrive - charge,
251,2024-05-09 03:06:56,cod0014,2efdd936737e33835e28cd6724149bfe,arrive - charge,
252,2024-05-09 03:06:58,cod0030,c6f92a0838596bf1aac964af6c1c09cc,arrive - charge,
253,2024-05-09 03:09:00,cod0160,1992b616775bee981f22484f8906ef6c,charge - finish,16749.0
254,2024-05-09 03:09:06,cod0263,c29eca2a07c0836f99fe240c05cecce7,arrive - charge,
255,2024-05-09 03:10:14,cod0043,d2fc9bb4b3a1a0f3e0e98786824313ce,charge - finish,18409.0
256,2024-05-09 03:10:35,cod0078,f1da252df1a892e5183e5f6be405f68c,arrive - charge,
257,2024-05-09 03:11:31,cod0076,1678d948c4bf1a3ce42ea77ef3dfa147,charge - finish,4696.0
258,2024-05-09 03:11:33,cod0242,4a421463135a0f5e506740db32d16b97,arrive - charge,
259,2024-05-09 03:12:45,cod0158,b4382895819caad3a3cdb580eff83351,arrive - charge,
260,2024-05-09 03:12:51,cod0330,d12ffc3496b137532d0b8210a9534e9a,charge - finish,4654.0
261,2024-05-09 03:13:28,cod0285,da254751982771587fcd0ece7845f7dc,arrive - charge,
262,2024-05-09 03:14:02,cod0114,d53a683ae5daa34edb84c7607c92d6a1,arrive - charge,
263,2024-05-09 03:14:10,cod0219,d2fc9bb4b3a1a0f3e0e98786824313ce,arrive - charge,
264,2024-05-09 03:14:12,cod0005,700fddcb72bb6b52f075081e5ad1ad0a,arrive - charge,
265,2024-05-09 03:14:25,cod0195,5734bb4825668b18cf9482687c0c2b40,arrive - queue,
266,2024-05-09 03:15:23,cod0125,d97f2010657aba8b865b445a35ae1468,arrive - charge,
267,2024-05-09 03:16:27,cod0351,3830cfca4f44f313f1e732d95e826c4e,arrive - charge,
268,2024-05-09 03:17:54,cod0322,bcbdc857aaf698544556b72de87ca6a3,arrive - charge,
269,2024-05-09 03:17:58,cod0214,fa42af438e58b799189dd26386f5870f,arrive - charge,
270,2024-05-09 03:18:39,cod0038,c701a997d9bef627835b036efb4eca63,arrive - queue,
271,2024-05-09 03:23:03,cod0111,2efdd936737e33835e28cd6724149bfe,arrive - queue,
272,2024-05-09 03:23:14,cod0335,5f144f396670d569bf9bcdc22c6027ca,charge - finish,19197.0
273,2024-05-09 03:23:14,cod0248,5f144f396670d569bf9bcdc22c6027ca,queue - charge,576214.0
274,2024-05-09 03:25:36,cod0377,aa01df8e6c2526116e1a7eab3f634de8,arrive - charge,
275,2024-05-09 03:27:04,cod0235,1992b616775bee981f22484f8906ef6c,arrive - charge,
276,2024-05-09 03:28:13,cod0055,74b3b02c0bb7d3a30f67882c3c64ff6a,arrive - charge,
277,2024-05-09 03:28:56,cod0060,40f783e43e61163ab0d3803ff3c91636,arrive - charge,
278,2024-05-09 03:29:34,cod0370,39c684ef55e8058d9d755500b4870508,charge - finish,17077.0
279,2024-05-09 03:31:26,cod0260,2c28c158158420634d46f24306253924,charge - finish,3912.0
280,2024-05-09 03:31:43,cod0048,5200e134db3d4bafa200720c976027f1,arrive - charge,
281,2024-05-09 03:32:19,cod0115,0678da5f429992fbea0dd38e030a8f90,charge - finish,11951.0
282,2024-05-09 03:32:26,cod0238,2c28c158158420634d46f24306253924,arrive - charge,
283,2024-05-09 03:34:44,cod0206,2efdd936737e33835e28cd6724149bfe,arrive - queue,
284,2024-05-09 03:35:38,cod0085,c93618deffad09b5327534af45699cd3,charge - finish,18674.0
285,2024-05-09 03:37:53,cod0323,767c2163a253eef3f20770449d1829eb,arrive - queue,
286,2024-05-09 03:41:32,cod0261,20517922e9ccaa1c2c3d30d8e47e394a,charge - finish,8522.0
287,2024-05-09 03:42:00,cod0020,1dcf139ba8f25a7c487f0af16ae7d53b,charge - finish,2200.0
288,2024-05-09 03:43:12,cod0304,f1da252df1a892e5183e5f6be405f68c,arrive - charge,
289,2024-05-09 03:45:02,cod0375,3111e81e07cbaa995b104cf34e1d2f78,charge - finish,5212.0
290,2024-05-09 03:45:07,cod0082,663234dbab46dd33830eb04df2e506d1,charge - finish,14280.0
291,2024-05-09 03:45:20,cod0058,d30cca09053fc7dffbf5576cde094c45,arrive - charge,
292,2024-05-09 03:46:14,cod0248,5f144f396670d569bf9bcdc22c6027ca,charge - finish,1380.0
293,2024-05-09 03:46:35,cod0347,9f713a6a52c8af8d2122f551e8dca6f1,charge - finish,8468.0
294,2024-05-09 03:47:09,cod0077,aec2da5fd06f796eca6a890fb03aec43,charge - finish,2580.0
295,2024-05-09 03:48:02,cod0129,16644a3ed5102e32e7fa6cfb3fd5d00a,arrive - charge,
296,2024-05-09 03:48:16,cod0139,767c2163a253eef3f20770449d1829eb,charge - finish,10983.0
297,2024-05-09 03:48:16,cod0323,767c2163a253eef3f20770449d1829eb,queue - charge,574864.0
298,2024-05-09 03:48:33,cod0223,35a895e9557d1c1efbb0c725f16089c0,arrive - charge,
299,2024-05-09 03:50:13,cod0060,40f783e43e61163ab0d3803ff3c91636,charge - finish,1277.0
300,2024-05-09 03:50:19,cod0004,c391014771f4bf86024b31abdf19483d,arrive - charge,
301,2024-05-09 03:52:26,cod0122,5b86822a19499d9df224ab24f21eba18,arrive - charge,
302,2024-05-09 03:53:55,cod0326,d429d47203b5890c103f352320d467ff,charge - finish,18718.0
303,2024-05-09 03:54:10,cod0288,5b86822a19499d9df224ab24f21eba18,arrive - queue,
304,2024-05-09 03:54:13,cod0255,88692f34e175f423ac0ebf267c158e2e,arrive - charge,
305,2024-05-09 03:56:16,cod0164,fa42af438e58b799189dd26386f5870f,charge - finish,11084.0
306,2024-05-09 03:58:03,cod0111,2efdd936737e33835e28cd6724149bfe,queue - give up,2100.0
307,2024-05-09 03:58:14,cod0369,91c15dbadb1114023857abfdbd0d809a,charge - finish,5207.0
308,2024-05-09 03:58:44,cod0272,4bef728cf44f6ee697114649e80ae191,arrive - charge,
309,2024-05-09 04:01:15,cod0029,f1da252df1a892e5183e5f6be405f68c,arrive - queue,
310,2024-05-09 04:02:04,cod0331,5f144f396670d569bf9bcdc22c6027ca,charge - finish,4704.0
311,2024-05-09 04:02:59,cod0267,767c2163a253eef3f20770449d1829eb,arrive - queue,
312,2024-05-09 04:03:02,cod0344,b97888a4e999fc77272f5c07cb8a6af5,charge - finish,11069.0
313,2024-05-09 04:03:10,cod0333,c29eca2a07c0836f99fe240c05cecce7,arrive - charge,
314,2024-05-09 04:04:25,cod0285,da254751982771587fcd0ece7845f7dc,charge - finish,3057.0
315,2024-05-09 04:04:47,cod0051,c391014771f4bf86024b31abdf19483d,arrive - charge,
316,2024-05-09 04:06:33,cod0142,e0208aba8eb0e6d27b9a283bd2c786a7,arrive - charge,
317,2024-05-09 04:07:06,cod0244,1dcf139ba8f25a7c487f0af16ae7d53b,charge - finish,16477.0
318,2024-05-09 04:08:41,cod0217,8a7a2a135d4d237e650116bc579d0d08,arrive - charge,
319,2024-05-09 04:10:29,cod0235,1992b616775bee981f22484f8906ef6c,charge - finish,2605.0
320,2024-05-09 04:11:50,cod0259,4a421463135a0f5e506740db32d16b97,charge - finish,5214.0
321,2024-05-09 04:13:07,cod0061,40f783e43e61163ab0d3803ff3c91636,arrive - charge,
322,2024-05-09 04:16:47,cod0081,52d6b5d0acea76ba75337fb28dbae9b1,arrive - charge,
323,2024-05-09 04:17:24,cod0234,d429d47203b5890c103f352320d467ff,charge - finish,19971.0
324,2024-05-09 04:17:28,cod0231,ae56099c8f56df643a42d951bb172afb,charge - finish,4844.0
325,2024-05-09 04:18:43,cod0379,911db67dc5eebd24d7787d69d4974ca4,arrive - charge,
326,2024-05-09 04:21:13,cod0266,3510418ba022e024e342ea5ebff9c756,arrive - queue,
327,2024-05-09 04:21:59,cod0216,911db67dc5eebd24d7787d69d4974ca4,arrive - charge,
328,2024-05-09 04:22:23,cod0084,6a6549014ff1b0f6da021038c74e0a61,arrive - charge,
329,2024-05-09 04:23:14,cod0376,0678da5f429992fbea0dd38e030a8f90,charge - finish,10481.0
330,2024-05-09 04:26:05,cod0191,02aecc1719dc308a7efac6064861cf93,arrive - charge,
331,2024-05-09 04:26:56,cod0255,88692f34e175f423ac0ebf267c158e2e,charge - finish,1963.0
332,2024-05-09 04:27:46,cod0023,e757852199c96e39152d28c1efea00c0,charge - finish,5366.0
333,2024-05-09 04:28:03,cod0092,378f322cfe754a8f5d987afb5faa6312,charge - finish,18118.0
334,2024-05-09 04:28:38,cod0114,d53a683ae5daa34edb84c7607c92d6a1,charge - finish,4476.0
335,2024-05-09 04:29:27,cod0233,d30cca09053fc7dffbf5576cde094c45,arrive - charge,
336,2024-05-09 04:30:53,cod0016,3510418ba022e024e342ea5ebff9c756,arrive - queue,
337,2024-05-09 04:31:43,cod0171,c6f92a0838596bf1aac964af6c1c09cc,arrive - charge,
338,2024-05-09 04:33:17,cod0190,d0dc2b0962c01d6b64275a971ca3158a,arrive - charge,
339,2024-05-09 04:35:26,cod0141,a39256a0972490978df0b4d85c5736be,charge - finish,13876.0
340,2024-05-09 04:35:44,cod0388,c391014771f4bf86024b31abdf19483d,charge - finish,17323.0
341,2024-05-09 04:35:46,cod0177,663234dbab46dd33830eb04df2e506d1,arrive - charge,
342,2024-05-09 04:35:54,cod0029,f1da252df1a892e5183e5f6be405f68c,queue - give up,2079.0
343,2024-05-09 04:36:32,cod0272,4bef728cf44f6ee697114649e80ae191,charge - finish,2268.0
344,2024-05-09 04:38:00,cod0270,597dd91e6b177f393877f173f231593f,charge - finish,12873.0
345,2024-05-09 04:38:49,cod0203,c701a997d9bef627835b036efb4eca63,arrive - queue,
346,2024-05-09 04:39:14,cod0178,ac7a21c48f5833b33a5b606b2089e6a9,arrive - charge,
347,2024-05-09 04:41:50,cod0049,c41c211006e3f8726322c696c358bf96,arrive - charge,
348,2024-05-09 04:43:19,cod0080,f3ade07c95869d169f835b4edf163cf8,arrive - charge,
349,2024-05-09 04:44:27,cod0307,700fddcb72bb6b52f075081e5ad1ad0a,arrive - queue,
350,2024-05-09 04:45:16,cod0088,663234dbab46dd33830eb04df2e506d1,arrive - queue,
351,2024-05-09 04:47:26,cod0377,aa01df8e6c2526116e1a7eab3f634de8,charge - finish,4910.0
352,2024-05-09 04:47:44,cod0346,50311a81ea533e1ef7c497e042778e6b,arrive - charge,
353,2024-05-09 04:48:49,cod0315,3416647574be9565ce90ef16e973d083,arrive - charge,
354,2024-05-09 04:49:37,cod0192,b52630c925d39fd3e8917621a930705f,arrive - charge,
355,2024-05-09 04:51:27,cod0242,4a421463135a0f5e506740db32d16b97,charge - finish,5994.0
356,2024-05-09 04:53:04,cod0361,36630d466cace25dae4653947bb0fd30,arrive - queue,
357,2024-05-09 04:53:08,cod0061,40f783e43e61163ab0d3803ff3c91636,charge - finish,2401.0
358,2024-05-09 04:55:02,cod0223,35a895e9557d1c1efbb0c725f16089c0,charge - finish,3989.0
359,2024-05-09 04:55:21,cod0390,d30cca09053fc7dffbf5576cde094c45,arrive - charge,
360,2024-05-09 04:55:51,cod0363,5c81e23a425043e4d1b3ffd58b6d2125,arrive - queue,
361,2024-05-09 04:56:16,cod0364,14e891bef3193505ed74f24135475387,charge - finish,12634.0
362,2024-05-09 04:56:27,cod0340,119f6887f5ebfd6d5b40213819263e68,arrive - charge,
363,2024-05-09 04:56:54,cod0334,77195c4e029ba71a2e914ba4f867274e,arrive - charge,
364,2024-05-09 04:57:47,cod0262,c55ead078947051a856b1f3beb85f748,charge - finish,19294.0
365,2024-05-09 05:00:59,cod0378,6cc14668d720ff3088c3e2325745080c,arrive - charge,
366,2024-05-09 05:01:54,cod0226,351345f28c627ecce65526fd115467f7,arrive - charge,
367,2024-05-09 05:03:22,cod0205,dfc895269f44b9f0cf17eee59f364531,charge - finish,7042.0
368,2024-05-09 05:03:22,cod0038,c701a997d9bef627835b036efb4eca63,queue - give up,6283.0
369,2024-05-09 05:05:53,cod0152,68f72ce18fdbdc6aec6f299eb6dc8cf4,charge - finish,20425.0
370,2024-05-09 05:08:46,cod0109,50311a81ea533e1ef7c497e042778e6b,arrive - charge,
371,2024-05-09 05:08:51,cod0051,c391014771f4bf86024b31abdf19483d,charge - finish,3844.0
372,2024-05-09 05:09:25,cod0195,5734bb4825668b18cf9482687c0c2b40,queue - give up,6900.0
373,2024-05-09 05:09:33,cod0252,ce8ff54cc28466b0b264f0c2b5893287,charge - finish,10571.0
374,2024-05-09 05:10:02,cod0180,5ab8cf2bb773fb1b08fb934567cddb6a,charge - finish,17432.0
375,2024-05-09 05:10:18,cod0373,ac7a21c48f5833b33a5b606b2089e6a9,arrive - queue,
376,2024-05-09 05:10:40,cod0374,f3ade07c95869d169f835b4edf163cf8,arrive - charge,
377,2024-05-09 05:10:48,cod0362,50dd7100bcbd98c41b1179143a2325a4,charge - finish,9895.0
378,2024-05-09 05:10:52,cod0030,c6f92a0838596bf1aac964af6c1c09cc,charge - finish,7434.0
379,2024-05-09 05:11:02,cod0395,d97f2010657aba8b865b445a35ae1468,arrive - charge,
380,2024-05-09 05:12:50,cod0320,4a421463135a0f5e506740db32d16b97,arrive - charge,
381,2024-05-09 05:13:08,cod0104,0678da5f429992fbea0dd38e030a8f90,arrive - charge,
382,2024-05-09 05:14:08,cod0283,119f6887f5ebfd6d5b40213819263e68,arrive - queue,
383,2024-05-09 05:14:32,cod0201,c701a997d9bef627835b036efb4eca63,charge - finish,11735.0
384,2024-05-09 05:14:32,cod0203,c701a997d9bef627835b036efb4eca63,queue - charge,576384.0
385,2024-05-09 05:15:10,cod0265,5c81e23a425043e4d1b3ffd58b6d2125,arrive - queue,
386,2024-05-09 05:15:28,cod0028,8e41bc3a65adf0140657739b80141e54,arrive - charge,
387,2024-05-09 05:16:41,cod0253,6b249c7c7dc2164a67edeb1e67a36436,arrive - charge,
388,2024-05-09 05:17:53,cod0206,2efdd936737e33835e28cd6724149bfe,queue - give up,6189.0
389,2024-05-09 05:19:09,cod0317,ca8d21df569a9d8e405d3c8cec5a00a0,arrive - charge,
390,2024-05-09 05:21:22,cod0351,3830cfca4f44f313f1e732d95e826c4e,charge - finish,7495.0
391,2024-05-09 05:23:37,cod0217,8a7a2a135d4d237e650116bc579d0d08,charge - finish,4496.0
392,2024-05-09 05:24:54,cod0113,7b5fb650c7bca123d83dd9cf7f7f9bca,charge - finish,16636.0
393,2024-05-09 05:26:48,cod0211,d4430aa7d7bf3f30bb8fedc3e0650700,charge - finish,15697.0
394,2024-05-09 05:29:15,cod0288,5b86822a19499d9df224ab24f21eba18,queue - give up,5705.0
395,2024-05-09 05:29:22,cod0016,3510418ba022e024e342ea5ebff9c756,queue - give up,3509.0
396,2024-05-09 05:30:10,cod0079,a81438d0412b464915b7a283c671b0cf,charge - finish,19265.0
397,2024-05-09 05:30:19,cod0222,1dcf139ba8f25a7c487f0af16ae7d53b,arrive - charge,
398,2024-05-09 05:31:00,cod0216,911db67dc5eebd24d7787d69d4974ca4,charge - finish,4141.0
399,2024-05-09 05:31:58,cod0041,1992b616775bee981f22484f8906ef6c,arrive - charge,
400,2024-05-09 05:32:25,cod0247,43a944b4d8dee4aa8a64941d4dde5f33,arrive - charge,
401,2024-05-09 05:33:27,cod0081,52d6b5d0acea76ba75337fb28dbae9b1,charge - finish,4600.0
402,2024-05-09 05:33:28,cod0044,16644a3ed5102e32e7fa6cfb3fd5d00a,arrive - charge,
403,2024-05-09 05:34:22,cod0105,6845d16bd57c92ee3d9642b16f256cee,arrive - charge,
404,2024-05-09 05:34:29,cod0091,bcbdc857aaf698544556b72de87ca6a3,arrive - queue,
405,2024-05-09 05:34:44,cod0320,4a421463135a0f5e506740db32d16b97,charge - finish,1314.0
406,2024-05-09 05:35:25,cod0292,29e0a1f2cb05332359d74a207ba1cadb,arrive - charge,
407,2024-05-09 05:37:07,cod0268,5c81e23a425043e4d1b3ffd58b6d2125,charge - finish,14447.0
408,2024-05-09 05:37:07,cod0363,5c81e23a425043e4d1b3ffd58b6d2125,queue - charge,576717.0
409,2024-05-09 05:37:09,cod0366,963e82893dbdc1ab86670eaef29f43a2,charge - finish,18984.0
410,2024-05-09 05:37:29,cod0178,ac7a21c48f5833b33a5b606b2089e6a9,charge - finish,3495.0
411,2024-05-09 05:37:29,cod0373,ac7a21c48f5833b33a5b606b2089e6a9,queue - charge,575872.0
412,2024-05-09 05:37:41,cod0083,5734bb4825668b18cf9482687c0c2b40,arrive - queue,
413,2024-05-09 05:38:24,cod0047,8493662892d33f586f1af8975e9be522,charge - finish,15611.0
414,2024-05-09 05:38:42,cod0358,37253ead7d1414d4aa96791776105641,arrive - charge,
415,2024-05-09 05:39:42,cod0263,c29eca2a07c0836f99fe240c05cecce7,charge - finish,9036.0
416,2024-05-09 05:39:59,cod0317,ca8d21df569a9d8e405d3c8cec5a00a0,charge - finish,1250.0
417,2024-05-09 05:41:59,cod0192,b52630c925d39fd3e8917621a930705f,charge - finish,3142.0
418,2024-05-09 05:42:23,cod0307,700fddcb72bb6b52f075081e5ad1ad0a,queue - give up,3476.0
419,2024-05-09 05:42:51,cod0101,b4382895819caad3a3cdb580eff83351,charge - finish,18622.0
420,2024-05-09 05:43:15,cod0035,40f783e43e61163ab0d3803ff3c91636,arrive - charge,
421,2024-05-09 05:44:09,cod0123,c93618deffad09b5327534af45699cd3,arrive - charge,
422,2024-05-09 05:45:49,cod0067,3830cfca4f44f313f1e732d95e826c4e,charge - finish,13359.0
423,2024-05-09 05:46:28,cod0098,aa0c1c360585020e8fb2d9f34fa25e7b,arrive - charge,
424,2024-05-09 05:46:37,cod0150,c701a997d9bef627835b036efb4eca63,arrive - queue,
425,2024-05-09 05:47:14,cod0073,14e891bef3193505ed74f24135475387,arrive - charge,
426,2024-05-09 05:47:38,cod0277,35b0311924d1b191ec96983d5558f479,arrive - charge,
427,2024-05-09 05:50:33,cod0151,d12ffc3496b137532d0b8210a9534e9a,arrive - charge,
428,2024-05-09 05:51:28,cod0381,378f322cfe754a8f5d987afb5faa6312,arrive - charge,
429,2024-05-09 05:52:57,cod0246,20517922e9ccaa1c2c3d30d8e47e394a,arrive - charge,
430,2024-05-09 05:53:17,cod0117,2f130bae5a3948b1fb3aac9477b4dab2,arrive - charge,
431,2024-05-09 05:53:29,cod0088,663234dbab46dd33830eb04df2e506d1,queue - give up,4093.0
432,2024-05-09 05:58:29,cod0267,767c2163a253eef3f20770449d1829eb,queue - give up,6930.0
433,2024-05-09 05:58:46,cod0112,76aabd38809d6ad5141236abdb6d9563,arrive - charge,
434,2024-05-09 05:59:16,cod0265,5c81e23a425043e4d1b3ffd58b6d2125,queue - give up,2646.0
435,2024-05-09 06:00:08,cod0225,119f6887f5ebfd6d5b40213819263e68,charge - finish,14818.0
436,2024-05-09 06:00:08,cod0283,119f6887f5ebfd6d5b40213819263e68,queue - charge,577001.0
437,2024-05-09 06:00:10,cod0169,d97f2010657aba8b865b445a35ae1468,arrive - queue,
438,2024-05-09 06:00:17,cod0003,b1d9863ed0b5f9f6e757178e11220a75,arrive - charge,
439,2024-05-09 06:01:24,cod0250,d12ffc3496b137532d0b8210a9534e9a,arrive - charge,
440,2024-05-09 06:02:31,cod0108,4175883acf83089135ff7acd62567221,charge - finish,20616.0
441,2024-05-09 06:03:07,cod0230,f3ade07c95869d169f835b4edf163cf8,arrive - queue,
442,2024-05-09 06:03:31,cod0204,16644a3ed5102e32e7fa6cfb3fd5d00a,arrive - queue,
443,2024-05-09 06:04:46,cod0022,c55ead078947051a856b1f3beb85f748,arrive - charge,
444,2024-05-09 06:05:31,cod0011,ca8d21df569a9d8e405d3c8cec5a00a0,arrive - charge,
445,2024-05-09 06:05:44,cod0162,5734bb4825668b18cf9482687c0c2b40,arrive - queue,
446,2024-05-09 06:05:47,cod0034,6b249c7c7dc2164a67edeb1e67a36436,charge - finish,12029.0
447,2024-05-09 06:07:13,cod0266,3510418ba022e024e342ea5ebff9c756,queue - give up,6360.0
448,2024-05-09 06:07:47,cod0014,2efdd936737e33835e28cd6724149bfe,charge - finish,10851.0
449,2024-05-09 06:07:58,cod0384,b4ed71f9558ece5011c54704204713c6,arrive - charge,
450,2024-05-09 06:08:11,cod0133,911db67dc5eebd24d7787d69d4974ca4,arrive - charge,
451,2024-05-09 06:10:47,cod0396,93e834de5ae9c81bc0e429317ad399c1,arrive - charge,
452,2024-05-09 06:11:08,cod0341,d30cca09053fc7dffbf5576cde094c45,arrive - queue,
453,2024-05-09 06:11:36,cod0009,1125e6736b4496f989800f86e93a812f,arrive - charge,
454,2024-05-09 06:12:30,cod0282,963e82893dbdc1ab86670eaef29f43a2,arrive - charge,
455,2024-05-09 06:12:37,cod0064,5f144f396670d569bf9bcdc22c6027ca,arrive - charge,
456,2024-05-09 06:12:53,cod0096,16644a3ed5102e32e7fa6cfb3fd5d00a,arrive - queue,
457,2024-05-09 06:15:11,cod0292,29e0a1f2cb05332359d74a207ba1cadb,charge - finish,2386.0
458,2024-05-09 06:15:54,cod0390,d30cca09053fc7dffbf5576cde094c45,charge - finish,4833.0
459,2024-05-09 06:15:54,cod0341,d30cca09053fc7dffbf5576cde094c45,queue - charge,574527.0
460,2024-05-09 06:17:33,cod0300,20517922e9ccaa1c2c3d30d8e47e394a,arrive - queue,
461,2024-05-09 06:18:58,cod0001,16644a3ed5102e32e7fa6cfb3fd5d00a,arrive - queue,
462,2024-05-09 06:19:25,cod0203,c701a997d9bef627835b036efb4eca63,charge - finish,3893.0
463,2024-05-09 06:19:25,cod0150,c701a997d9bef627835b036efb4eca63,queue - charge,576209.0
464,2024-05-09 06:22:50,cod0098,aa0c1c360585020e8fb2d9f34fa25e7b,charge - finish,2182.0
465,2024-05-09 06:24:00,cod0046,d53a683ae5daa34edb84c7607c92d6a1,arrive - charge,
466,2024-05-09 06:24:32,cod0219,d2fc9bb4b3a1a0f3e0e98786824313ce,charge - finish,11422.0
467,2024-05-09 06:25:07,cod0363,5c81e23a425043e4d1b3ffd58b6d2125,charge - finish,2880.0
468,2024-05-09 06:25:25,cod0158,b4382895819caad3a3cdb580eff83351,charge - finish,11560.0
469,2024-05-09 06:26:43,cod0308,a39256a0972490978df0b4d85c5736be,charge - finish,13241.0
470,2024-05-09 06:28:57,cod0091,bcbdc857aaf698544556b72de87ca6a3,queue - give up,3268.0
471,2024-05-09 06:29:03,cod0289,6835aa5842f0e4afee8c1d3146f74267,arrive - charge,
472,2024-05-09 06:30:32,cod0361,36630d466cace25dae4653947bb0fd30,queue - give up,5848.0
473,2024-05-09 06:31:00,cod0386,b153ea161401d7c68911515ffd65d457,arrive - charge,
474,2024-05-09 06:31:39,cod0148,90d60beb748605ceebd6f17551dd5a1d,charge - finish,18594.0
475,2024-05-09 06:33:16,cod0066,5b86822a19499d9df224ab24f21eba18,arrive - queue,
476,2024-05-09 06:33:38,cod0084,6a6549014ff1b0f6da021038c74e0a61,charge - finish,7875.0
477,2024-05-09 06:33:50,cod0083,5734bb4825668b18cf9482687c0c2b40,queue - give up,3369.0
478,2024-05-09 06:33:55,cod0131,4175883acf83089135ff7acd62567221,arrive - charge,
479,2024-05-09 06:34:12,cod0273,b88f071fefbec84cdcd534fe9ac19b17,charge - finish,17828.0
480,2024-05-09 06:34:33,cod0102,93e834de5ae9c81bc0e429317ad399c1,charge - finish,14297.0
481,2024-05-09 06:36:35,cod0213,ac7a21c48f5833b33a5b606b2089e6a9,charge - finish,16324.0
482,2024-05-09 06:37:10,cod0305,5734bb4825668b18cf9482687c0c2b40,arrive - queue,
483,2024-05-09 06:38:18,cod0236,1125e6736b4496f989800f86e93a812f,arrive - charge,
484,2024-05-09 06:38:56,cod0276,ae56099c8f56df643a42d951bb172afb,arrive - charge,
485,2024-05-09 06:39:03,cod0033,7b5fb650c7bca123d83dd9cf7f7f9bca,arrive - charge,
486,2024-05-09 06:40:23,cod0075,563dafe66e94d4e9272688412a7ac2b9,arrive - charge,
487,2024-05-09 06:43:44,cod0325,2de61109e663f192a2044e8448f48717,arrive - charge,
488,2024-05-09 06:44:18,cod0127,5d0e19c6c541acec303211eb3d34ab7f,charge - finish,16560.0
489,2024-05-09 06:44:35,cod0156,cae2be3a60e8d453ec372274f39ad13c,arrive - charge,
490,2024-05-09 06:44:38,cod0193,22d5d332428968f85ded9ffec389686c,arrive - charge,
491,2024-05-09 06:46:53,cod0282,963e82893dbdc1ab86670eaef29f43a2,charge - finish,2063.0
492,2024-05-09 06:47:53,cod0123,c93618deffad09b5327534af45699cd3,charge - finish,3824.0
493,2024-05-09 06:48:28,cod0044,16644a3ed5102e32e7fa6cfb3fd5d00a,charge - finish,4500.0
494,2024-05-09 06:48:28,cod0204,16644a3ed5102e32e7fa6cfb3fd5d00a,queue - charge,576938.0
495,2024-05-09 06:49:01,cod0353,d429d47203b5890c103f352320d467ff,charge - finish,20479.0
496,2024-05-09 06:51:39,cod0008,5734bb4825668b18cf9482687c0c2b40,arrive - queue,
497,2024-05-09 06:51:52,cod0046,d53a683ae5daa34edb84c7607c92d6a1,charge - finish,1672.0
498,2024-05-09 06:51:59,cod0048,5200e134db3d4bafa200720c976027f1,charge - finish,12016.0
499,2024-05-09 06:52:01,cod0145,5734bb4825668b18cf9482687c0c2b40,charge - finish,15843.0
500,2024-05-09 06:52:01,cod0133,911db67dc5eebd24d7787d69d4974ca4,charge - finish,2630.0
501,2024-05-09 06:52:01,cod0162,5734bb4825668b18cf9482687c0c2b40,queue - charge,577018.0
502,2024-05-09 06:52:52,cod0312,cae2be3a60e8d453ec372274f39ad13c,arrive - charge,
503,2024-05-09 06:53:04,cod0003,b1d9863ed0b5f9f6e757178e11220a75,charge - finish,3167.0
504,2024-05-09 06:54:04,cod0391,c6f92a0838596bf1aac964af6c1c09cc,arrive - charge,
505,2024-05-09 06:54:41,cod0063,ac7a21c48f5833b33a5b606b2089e6a9,arrive - charge,
506,2024-05-09 06:56:35,cod0078,f1da252df1a892e5183e5f6be405f68c,charge - finish,13560.0
507,2024-05-09 06:57:04,cod0147,3416647574be9565ce90ef16e973d083,arrive - charge,
508,2024-05-09 06:57:39,cod0136,aa01df8e6c2526116e1a7eab3f634de8,arrive - charge,
509,2024-05-09 06:57:42,cod0346,50311a81ea533e1ef7c497e042778e6b,charge - finish,7798.0
510,2024-05-09 06:58:34,cod0005,700fddcb72bb6b52f075081e5ad1ad0a,charge - finish,13462.0
511,2024-05-09 06:59:39,cod0340,119f6887f5ebfd6d5b40213819263e68,charge - finish,7392.0
512,2024-05-09 07:00:17,cod0389,3510418ba022e024e342ea5ebff9c756,charge - finish,14993.0
513,2024-05-09 07:01:17,cod0119,36630d466cace25dae4653947bb0fd30,charge - finish,19005.0
514,2024-05-09 07:01:19,cod0233,d30cca09053fc7dffbf5576cde094c45,charge - finish,9112.0
515,2024-05-09 07:01:40,cod0360,37253ead7d1414d4aa96791776105641,arrive - queue,
516,2024-05-09 07:01:47,cod0128,aecf89d1270d044970cf4da4de7cf218,arrive - charge,
517,2024-05-09 07:02:08,cod0125,d97f2010657aba8b865b445a35ae1468,charge - finish,13605.0
518,2024-05-09 07:02:08,cod0169,d97f2010657aba8b865b445a35ae1468,queue - charge,577959.0
519,2024-05-09 07:02:58,cod0134,56e6c4f845217042ee69fd4415b9e14e,arrive - charge,
520,2024-05-09 07:03:20,cod0182,7b5fb650c7bca123d83dd9cf7f7f9bca,arrive - charge,
521,2024-05-09 07:04:07,cod0271,700fddcb72bb6b52f075081e5ad1ad0a,arrive - charge,
522,2024-05-09 07:04:38,cod0341,d30cca09053fc7dffbf5576cde094c45,charge - finish,2924.0
523,2024-05-09 07:06:10,cod0368,c391014771f4bf86024b31abdf19483d,arrive - charge,
524,2024-05-09 07:06:20,cod0104,0678da5f429992fbea0dd38e030a8f90,charge - finish,6792.0
525,2024-05-09 07:06:34,cod0096,16644a3ed5102e32e7fa6cfb3fd5d00a,queue - give up,3221.0
526,2024-05-09 07:07:05,cod0246,20517922e9ccaa1c2c3d30d8e47e394a,charge - finish,4448.0
527,2024-05-09 07:07:05,cod0300,20517922e9ccaa1c2c3d30d8e47e394a,queue - charge,577213.0
528,2024-05-09 07:07:27,cod0294,e0208aba8eb0e6d27b9a283bd2c786a7,arrive - charge,
529,2024-05-09 07:08:00,cod0334,77195c4e029ba71a2e914ba4f867274e,charge - finish,7866.0
530,2024-05-09 07:08:31,cod0227,767c2163a253eef3f20770449d1829eb,charge - finish,19839.0
531,2024-05-09 07:08:37,cod0129,16644a3ed5102e32e7fa6cfb3fd5d00a,charge - finish,12035.0
532,2024-05-09 07:08:37,cod0001,16644a3ed5102e32e7fa6cfb3fd5d00a,queue - charge,577220.0
533,2024-05-09 07:09:06,cod0037,f3ade07c95869d169f835b4edf163cf8,arrive - queue,
534,2024-05-09 07:11:10,cod0297,c6f92a0838596bf1aac964af6c1c09cc,arrive - queue,
535,2024-05-09 07:15:04,cod0381,378f322cfe754a8f5d987afb5faa6312,charge - finish,5016.0
536,2024-05-09 07:15:10,cod0036,3111e81e07cbaa995b104cf34e1d2f78,arrive - charge,
537,2024-05-09 07:19:46,cod0144,5734bb4825668b18cf9482687c0c2b40,arrive - queue,
538,2024-05-09 07:20:08,cod0097,963e82893dbdc1ab86670eaef29f43a2,arrive - charge,
539,2024-05-09 07:21:20,cod0251,264ec29337b3f21223e2731333d4d954,arrive - charge,
540,2024-05-09 07:22:57,cod0373,ac7a21c48f5833b33a5b606b2089e6a9,charge - finish,6328.0
541,2024-05-09 07:23:16,cod0254,b4ed71f9558ece5011c54704204713c6,arrive - charge,
542,2024-05-09 07:24:33,cod0064,5f144f396670d569bf9bcdc22c6027ca,charge - finish,4316.0
543,2024-05-09 07:25:46,cod0002,a81438d0412b464915b7a283c671b0cf,arrive - charge,
544,2024-05-09 07:31:02,cod0106,ea2a6f3bb6028ac150aaed0ded9023ab,arrive - charge,
545,2024-05-09 07:32:12,cod0169,d97f2010657aba8b865b445a35ae1468,charge - finish,1804.0
546,2024-05-09 07:32:25,cod0161,911db67dc5eebd24d7787d69d4974ca4,arrive - charge,
547,2024-05-09 07:32:47,cod0230,f3ade07c95869d169f835b4edf163cf8,queue - give up,5380.0
548,2024-05-09 07:35:15,cod0021,3510418ba022e024e342ea5ebff9c756,arrive - charge,
549,2024-05-09 07:35:32,cod0241,2de61109e663f192a2044e8448f48717,arrive - charge,
550,2024-05-09 07:36:06,cod0073,14e891bef3193505ed74f24135475387,charge - finish,6532.0
551,2024-05-09 07:37:50,cod0207,fa42af438e58b799189dd26386f5870f,arrive - charge,
552,2024-05-09 07:38:55,cod0274,8f028dba0fa506bbdca297e5fe9d781c,arrive - charge,
553,2024-05-09 07:39:49,cod0214,fa42af438e58b799189dd26386f5870f,charge - finish,15711.0
554,2024-05-09 07:41:20,cod0159,0109e4e4477217a485e6b95ec6d6603c,arrive - charge,
555,2024-05-09 07:42:02,cod0258,f6ea5bbfb60747c44de83d0ed40ad1ce,arrive - charge,
556,2024-05-09 07:42:31,cod0132,ea2a6f3bb6028ac150aaed0ded9023ab,arrive - charge,
557,2024-05-09 07:44:52,cod0354,a39256a0972490978df0b4d85c5736be,arrive - charge,
558,2024-05-09 07:45:31,cod0143,3830cfca4f44f313f1e732d95e826c4e,arrive - charge,
559,2024-05-09 07:46:08,cod0140,5c81e23a425043e4d1b3ffd58b6d2125,arrive - charge,
560,2024-05-09 07:46:17,cod0289,6835aa5842f0e4afee8c1d3146f74267,charge - finish,4634.0
561,2024-05-09 07:46:23,cod0142,e0208aba8eb0e6d27b9a283bd2c786a7,charge - finish,13190.0
562,2024-05-09 07:46:35,cod0394,f3ade07c95869d169f835b4edf163cf8,arrive - queue,
563,2024-05-09 07:49:58,cod0080,f3ade07c95869d169f835b4edf163cf8,charge - finish,11199.0
564,2024-05-09 07:49:58,cod0037,f3ade07c95869d169f835b4edf163cf8,queue - charge,576693.0
565,2024-05-09 07:50:35,cod0063,ac7a21c48f5833b33a5b606b2089e6a9,charge - finish,3354.0
566,2024-05-09 07:51:12,cod0379,911db67dc5eebd24d7787d69d4974ca4,charge - finish,12749.0
567,2024-05-09 07:52:35,cod0278,0337b072bf67d2d155103851a4f90466,arrive - charge,
568,2024-05-09 07:54:04,cod0147,3416647574be9565ce90ef16e973d083,charge - finish,3420.0
569,2024-05-09 07:54:22,cod0027,563dafe66e94d4e9272688412a7ac2b9,arrive - charge,
570,2024-05-09 07:54:23,cod0391,c6f92a0838596bf1aac964af6c1c09cc,charge - finish,3619.0
571,2024-05-09 07:54:23,cod0297,c6f92a0838596bf1aac964af6c1c09cc,queue - charge,576834.0
572,2024-05-09 07:54:45,cod0300,20517922e9ccaa1c2c3d30d8e47e394a,charge - finish,2860.0
573,2024-05-09 07:55:42,cod0301,d6bb333630a2060e2367759169e54570,arrive - charge,
574,2024-05-09 07:56:09,cod0087,ae56099c8f56df643a42d951bb172afb,charge - finish,17984.0
575,2024-05-09 07:56:41,cod0339,1b7f860f0874f582a9118ec56a879e56,arrive - charge,
576,2024-05-09 08:00:25,cod0271,700fddcb72bb6b52f075081e5ad1ad0a,charge - finish,3378.0
577,2024-05-09 08:03:40,cod0110,f7ffbf22afdd9e39127c07c589338a72,arrive - charge,
578,2024-05-09 08:04:02,cod0071,4bef728cf44f6ee697114649e80ae191,arrive - charge,
579,2024-05-09 08:08:08,cod0253,6b249c7c7dc2164a67edeb1e67a36436,charge - finish,10287.0
580,2024-05-09 08:08:54,cod0355,fa42af438e58b799189dd26386f5870f,arrive - charge,
581,2024-05-09 08:08:54,cod0066,5b86822a19499d9df224ab24f21eba18,queue - give up,5738.0
582,2024-05-09 08:09:30,cod0304,f1da252df1a892e5183e5f6be405f68c,charge - finish,15978.0
583,2024-05-09 08:10:20,cod0004,c391014771f4bf86024b31abdf19483d,charge - finish,15601.0
584,2024-05-09 08:10:40,cod0380,d53a683ae5daa34edb84c7607c92d6a1,arrive - charge,
585,2024-05-09 08:11:20,cod0310,d4e3c9e6e8b5cce6b903edb4742ec635,arrive - charge,
586,2024-05-09 08:11:22,cod0036,3111e81e07cbaa995b104cf34e1d2f78,charge - finish,3372.0
587,2024-05-09 08:12:23,cod0338,e757852199c96e39152d28c1efea00c0,arrive - charge,
588,2024-05-09 08:12:54,cod0069,b5bac3664df06aece363a410ab49f7cf,arrive - charge,
589,2024-05-09 08:13:35,cod0134,56e6c4f845217042ee69fd4415b9e14e,charge - finish,4237.0
590,2024-05-09 08:14:16,cod0177,663234dbab46dd33830eb04df2e506d1,charge - finish,13110.0
591,2024-05-09 08:14:28,cod0305,5734bb4825668b18cf9482687c0c2b40,queue - give up,5838.0
592,2024-05-09 08:15:40,cod0350,c701a997d9bef627835b036efb4eca63,arrive - queue,
593,2024-05-09 08:16:10,cod0236,1125e6736b4496f989800f86e93a812f,charge - finish,5872.0
594,2024-05-09 08:17:03,cod0002,a81438d0412b464915b7a283c671b0cf,charge - finish,3077.0
595,2024-05-09 08:17:13,cod0049,c41c211006e3f8726322c696c358bf96,charge - finish,12923.0
596,2024-05-09 08:17:32,cod0188,50311a81ea533e1ef7c497e042778e6b,arrive - charge,
597,2024-05-09 08:18:31,cod0021,3510418ba022e024e342ea5ebff9c756,charge - finish,2596.0
598,2024-05-09 08:18:33,cod0058,d30cca09053fc7dffbf5576cde094c45,charge - finish,16393.0
599,2024-05-09 08:19:33,cod0264,dfc895269f44b9f0cf17eee59f364531,arrive - charge,
600,2024-05-09 08:19:47,cod0037,f3ade07c95869d169f835b4edf163cf8,charge - finish,1789.0
601,2024-05-09 08:19:47,cod0394,f3ade07c95869d169f835b4edf163cf8,queue - charge,576233.0
602,2024-05-09 08:20:48,cod0249,5d0e19c6c541acec303211eb3d34ab7f,arrive - charge,
603,2024-05-09 08:21:07,cod0168,5ab8cf2bb773fb1b08fb934567cddb6a,arrive - charge,
604,2024-05-09 08:22:08,cod0032,3a5262e793ebd493536ae72a5c6081d1,arrive - charge,
605,2024-05-09 08:22:37,cod0001,16644a3ed5102e32e7fa6cfb3fd5d00a,charge - finish,4440.0
606,2024-05-09 08:23:21,cod0135,e757852199c96e39152d28c1efea00c0,arrive - charge,
607,2024-05-09 08:23:50,cod0319,16644a3ed5102e32e7fa6cfb3fd5d00a,arrive - charge,
608,2024-05-09 08:24:21,cod0132,ea2a6f3bb6028ac150aaed0ded9023ab,charge - finish,2510.0
609,2024-05-09 08:24:23,cod0008,5734bb4825668b18cf9482687c0c2b40,queue - give up,5564.0
610,2024-05-09 08:25:30,cod0105,6845d16bd57c92ee3d9642b16f256cee,charge - finish,10268.0
611,2024-05-09 08:25:47,cod0396,93e834de5ae9c81bc0e429317ad399c1,charge - finish,8100.0
612,2024-05-09 08:26:52,cod0144,5734bb4825668b18cf9482687c0c2b40,queue - give up,4026.0
613,2024-05-09 08:27:16,cod0286,b97888a4e999fc77272f5c07cb8a6af5,arrive - charge,
614,2024-05-09 08:27:32,cod0074,0109e4e4477217a485e6b95ec6d6603c,arrive - queue,
615,2024-05-09 08:27:40,cod0166,22d5d332428968f85ded9ffec389686c,arrive - charge,
616,2024-05-09 08:27:40,cod0062,2c28c158158420634d46f24306253924,charge - finish,19752.0
617,2024-05-09 08:28:21,cod0279,1b7f860f0874f582a9118ec56a879e56,arrive - charge,
618,2024-05-09 08:28:56,cod0323,767c2163a253eef3f20770449d1829eb,charge - finish,16840.0
619,2024-05-09 08:29:04,cod0296,563dafe66e94d4e9272688412a7ac2b9,arrive - queue,
620,2024-05-09 08:29:28,cod0327,cae2be3a60e8d453ec372274f39ad13c,arrive - queue,
621,2024-05-09 08:29:42,cod0360,37253ead7d1414d4aa96791776105641,queue - give up,5282.0
622,2024-05-09 08:29:57,cod0099,8f028dba0fa506bbdca297e5fe9d781c,arrive - charge,
623,2024-05-09 08:30:31,cod0121,f3ade07c95869d169f835b4edf163cf8,arrive - queue,
624,2024-05-09 08:30:57,cod0256,6fdf51ecb22f365cc01cbf187ce3353f,arrive - charge,
625,2024-05-09 08:31:37,cod0311,8a7a2a135d4d237e650116bc579d0d08,arrive - charge,
626,2024-05-09 08:32:40,cod0143,3830cfca4f44f313f1e732d95e826c4e,charge - finish,2829.0
627,2024-05-09 08:33:10,cod0055,74b3b02c0bb7d3a30f67882c3c64ff6a,charge - finish,18297.0
628,2024-05-09 08:34:08,cod0251,264ec29337b3f21223e2731333d4d954,charge - finish,4368.0
629,2024-05-09 08:38:56,cod0033,7b5fb650c7bca123d83dd9cf7f7f9bca,charge - finish,7193.0
630,2024-05-09 08:38:59,cod0154,911db67dc5eebd24d7787d69d4974ca4,arrive - charge,
631,2024-05-09 08:40:02,cod0041,1992b616775bee981f22484f8906ef6c,charge - finish,11284.0
632,2024-05-09 08:40:54,cod0264,dfc895269f44b9f0cf17eee59f364531,charge - finish,1281.0
633,2024-05-09 08:41:01,cod0122,5b86822a19499d9df224ab24f21eba18,charge - finish,17315.0
634,2024-05-09 08:42:16,cod0238,2c28c158158420634d46f24306253924,charge - finish,18590.0
635,2024-05-09 08:43:00,cod0174,c529a75eee4961bfc46a79304cd9569c,arrive - charge,
636,2024-05-09 08:43:21,cod0337,c391014771f4bf86024b31abdf19483d,arrive - charge,
637,2024-05-09 08:45:27,cod0358,37253ead7d1414d4aa96791776105641,charge - finish,11205.0
638,2024-05-09 08:45:33,cod0241,2de61109e663f192a2044e8448f48717,charge - finish,4201.0
639,2024-05-09 08:45:46,cod0350,c701a997d9bef627835b036efb4eca63,queue - give up,1806.0
640,2024-05-09 08:47:36,cod0100,7b5fb650c7bca123d83dd9cf7f7f9bca,arrive - charge,
641,2024-05-09 08:48:22,cod0019,c29eca2a07c0836f99fe240c05cecce7,arrive - charge,
642,2024-05-09 08:48:52,cod0190,d0dc2b0962c01d6b64275a971ca3158a,charge - finish,15335.0
643,2024-05-09 08:49:30,cod0151,d12ffc3496b137532d0b8210a9534e9a,charge - finish,10737.0
644,2024-05-09 08:49:52,cod0345,76aabd38809d6ad5141236abdb6d9563,arrive - queue,
645,2024-05-09 08:51:49,cod0015,9c7665e03d528d1838f10c9c837e36e9,arrive - charge,
646,2024-05-09 08:53:52,cod0226,351345f28c627ecce65526fd115467f7,charge - finish,13918.0
647,2024-05-09 08:54:29,cod0294,e0208aba8eb0e6d27b9a283bd2c786a7,charge - finish,6422.0
648,2024-05-09 08:54:57,cod0032,3a5262e793ebd493536ae72a5c6081d1,charge - finish,1969.0
649,2024-05-09 08:57:30,cod0208,3258e47e0ee047b7a579e20b5af67ec5,arrive - charge,
650,2024-05-09 08:57:53,cod0318,663234dbab46dd33830eb04df2e506d1,charge - finish,21560.0
651,2024-05-09 08:59:07,cod0250,d12ffc3496b137532d0b8210a9534e9a,charge - finish,10663.0
652,2024-05-09 08:59:42,cod0130,40f783e43e61163ab0d3803ff3c91636,arrive - charge,
653,2024-05-09 09:00:09,cod0040,50311a81ea533e1ef7c497e042778e6b,arrive - queue,
654,2024-05-09 09:00:19,cod0163,c73f96696c166b9295ec7407f6c79c1b,arrive - charge,
655,2024-05-09 09:00:25,cod0069,b5bac3664df06aece363a410ab49f7cf,charge - finish,2851.0
656,2024-05-09 09:01:20,cod0126,ac7a21c48f5833b33a5b606b2089e6a9,arrive - charge,
657,2024-05-09 09:02:02,cod0356,d4430aa7d7bf3f30bb8fedc3e0650700,arrive - charge,
658,2024-05-09 09:02:53,cod0277,35b0311924d1b191ec96983d5558f479,charge - finish,11715.0
659,2024-05-09 09:03:18,cod0072,52d6b5d0acea76ba75337fb28dbae9b1,arrive - charge,
660,2024-05-09 09:03:21,cod0295,963e82893dbdc1ab86670eaef29f43a2,arrive - charge,
661,2024-05-09 09:03:30,cod0095,d12ffc3496b137532d0b8210a9534e9a,arrive - charge,
662,2024-05-09 09:03:37,cod0194,d12ffc3496b137532d0b8210a9534e9a,arrive - charge,
663,2024-05-09 09:05:01,cod0322,bcbdc857aaf698544556b72de87ca6a3,charge - finish,20827.0
664,2024-05-09 09:06:09,cod0291,5c81e23a425043e4d1b3ffd58b6d2125,arrive - queue,
665,2024-05-09 09:08:41,cod0354,a39256a0972490978df0b4d85c5736be,charge - finish,5029.0
666,2024-05-09 09:08:53,cod0138,e757852199c96e39152d28c1efea00c0,arrive - queue,
667,2024-05-09 09:08:56,cod0121,f3ade07c95869d169f835b4edf163cf8,queue - give up,2305.0
668,2024-05-09 09:09:58,cod0176,2efdd936737e33835e28cd6724149bfe,arrive - charge,
669,2024-05-09 09:10:42,cod0086,88692f34e175f423ac0ebf267c158e2e,arrive - charge,
670,2024-05-09 09:12:08,cod0343,119f6887f5ebfd6d5b40213819263e68,arrive - charge,
671,2024-05-09 09:12:29,cod0374,f3ade07c95869d169f835b4edf163cf8,charge - finish,14509.0
672,2024-05-09 09:12:35,cod0057,d97f2010657aba8b865b445a35ae1468,arrive - charge,
673,2024-05-09 09:14:53,cod0110,f7ffbf22afdd9e39127c07c589338a72,charge - finish,4273.0
674,2024-05-09 09:15:24,cod0198,563dafe66e94d4e9272688412a7ac2b9,arrive - queue,
675,2024-05-09 09:16:12,cod0310,d4e3c9e6e8b5cce6b903edb4742ec635,charge - finish,3892.0
676,2024-05-09 09:16:12,cod0327,cae2be3a60e8d453ec372274f39ad13c,queue - give up,2804.0
677,2024-05-09 09:17:17,cod0258,f6ea5bbfb60747c44de83d0ed40ad1ce,charge - finish,5715.0
678,2024-05-09 09:17:39,cod0015,9c7665e03d528d1838f10c9c837e36e9,charge - finish,1550.0
679,2024-05-09 09:17:49,cod0332,d0dc2b0962c01d6b64275a971ca3158a,arrive - charge,
680,2024-05-09 09:17:56,cod0333,c29eca2a07c0836f99fe240c05cecce7,charge - finish,18886.0
681,2024-05-09 09:18:11,cod0154,911db67dc5eebd24d7787d69d4974ca4,charge - finish,2352.0
682,2024-05-09 09:18:19,cod0383,4175883acf83089135ff7acd62567221,arrive - charge,
683,2024-05-09 09:18:32,cod0342,40f783e43e61163ab0d3803ff3c91636,arrive - queue,
684,2024-05-09 09:20:12,cod0006,cae2be3a60e8d453ec372274f39ad13c,arrive - queue,
685,2024-05-09 09:20:21,cod0240,50311a81ea533e1ef7c497e042778e6b,arrive - queue,
686,2024-05-09 09:22:36,cod0276,ae56099c8f56df643a42d951bb172afb,charge - finish,9820.0
687,2024-05-09 09:25:37,cod0395,d97f2010657aba8b865b445a35ae1468,charge - finish,15275.0
688,2024-05-09 09:26:48,cod0191,02aecc1719dc308a7efac6064861cf93,charge - finish,18043.0
689,2024-05-09 09:28:18,cod0135,e757852199c96e39152d28c1efea00c0,charge - finish,3897.0
690,2024-05-09 09:28:18,cod0138,e757852199c96e39152d28c1efea00c0,queue - charge,575406.0
691,2024-05-09 09:28:19,cod0380,d53a683ae5daa34edb84c7607c92d6a1,charge - finish,4659.0
692,2024-05-09 09:30:27,cod0131,4175883acf83089135ff7acd62567221,charge - finish,10592.0
693,2024-05-09 09:31:10,cod0109,50311a81ea533e1ef7c497e042778e6b,charge - finish,15744.0
694,2024-05-09 09:31:10,cod0040,50311a81ea533e1ef7c497e042778e6b,queue - charge,576102.0
695,2024-05-09 09:32:35,cod0387,aecf89d1270d044970cf4da4de7cf218,arrive - charge,
696,2024-05-09 09:33:11,cod0314,5b86822a19499d9df224ab24f21eba18,arrive - charge,
697,2024-05-09 09:33:48,cod0094,d4430aa7d7bf3f30bb8fedc3e0650700,arrive - charge,
698,2024-05-09 09:34:59,cod0394,f3ade07c95869d169f835b4edf163cf8,charge - finish,4512.0
699,2024-05-09 09:35:03,cod0159,0109e4e4477217a485e6b95ec6d6603c,charge - finish,6823.0
700,2024-05-09 09:35:03,cod0074,0109e4e4477217a485e6b95ec6d6603c,queue - charge,578292.0
701,2024-05-09 09:36:10,cod0193,22d5d332428968f85ded9ffec389686c,charge - finish,10292.0
702,2024-05-09 09:36:38,cod0208,3258e47e0ee047b7a579e20b5af67ec5,charge - finish,2348.0
703,2024-05-09 09:37:49,cod0296,563dafe66e94d4e9272688412a7ac2b9,queue - give up,4125.0
704,2024-05-09 09:38:00,cod0357,ac7a21c48f5833b33a5b606b2089e6a9,arrive - charge,
705,2024-05-09 09:39:00,cod0176,2efdd936737e33835e28cd6724149bfe,charge - finish,1742.0
706,2024-05-09 09:40:28,cod0116,aecf89d1270d044970cf4da4de7cf218,arrive - queue,
707,2024-05-09 09:40:54,cod0170,911db67dc5eebd24d7787d69d4974ca4,arrive - charge,
708,2024-05-09 09:42:59,cod0275,5d0e19c6c541acec303211eb3d34ab7f,arrive - queue,
709,2024-05-09 09:44:04,cod0097,963e82893dbdc1ab86670eaef29f43a2,charge - finish,8636.0
710,2024-05-09 09:48:39,cod0199,c55ead078947051a856b1f3beb85f748,arrive - charge,
711,2024-05-09 09:49:07,cod0291,5c81e23a425043e4d1b3ffd58b6d2125,queue - give up,2578.0
712,2024-05-09 09:49:38,cod0200,6b249c7c7dc2164a67edeb1e67a36436,arrive - charge,
713,2024-05-09 09:49:54,cod0099,8f028dba0fa506bbdca297e5fe9d781c,charge - finish,4797.0
714,2024-05-09 09:50:28,cod0128,aecf89d1270d044970cf4da4de7cf218,charge - finish,10121.0
715,2024-05-09 09:50:28,cod0116,aecf89d1270d044970cf4da4de7cf218,queue - charge,574841.0
716,2024-05-09 09:51:51,cod0056,026e4ab9d68f3537b91f1930471a999c,arrive - charge,
717,2024-05-09 09:52:28,cod0315,3416647574be9565ce90ef16e973d083,charge - finish,18219.0
718,2024-05-09 09:52:32,cod0329,963e82893dbdc1ab86670eaef29f43a2,arrive - charge,
719,2024-05-09 09:52:46,cod0325,2de61109e663f192a2044e8448f48717,charge - finish,11342.0
720,2024-05-09 09:53:22,cod0017,e0208aba8eb0e6d27b9a283bd2c786a7,arrive - charge,
721,2024-05-09 09:54:20,cod0179,ea2a6f3bb6028ac150aaed0ded9023ab,arrive - charge,
722,2024-05-09 09:55:41,cod0093,c68e180dfd52ae72565d7b8b8c487a2c,arrive - charge,
723,2024-05-09 09:57:06,cod0174,c529a75eee4961bfc46a79304cd9569c,charge - finish,4446.0
724,2024-05-09 09:58:39,cod0009,1125e6736b4496f989800f86e93a812f,charge - finish,13623.0
725,2024-05-09 09:59:58,cod0090,c55ead078947051a856b1f3beb85f748,arrive - queue,
726,2024-05-09 10:01:23,cod0286,b97888a4e999fc77272f5c07cb8a6af5,charge - finish,5647.0
727,2024-05-09 10:01:26,cod0342,40f783e43e61163ab0d3803ff3c91636,queue - give up,2574.0
728,2024-05-09 10:01:55,cod0161,911db67dc5eebd24d7787d69d4974ca4,charge - finish,8970.0
729,2024-05-09 10:03:02,cod0345,76aabd38809d6ad5141236abdb6d9563,queue - give up,4390.0
730,2024-05-09 10:05:18,cod0100,7b5fb650c7bca123d83dd9cf7f7f9bca,charge - finish,4662.0
731,2024-05-09 10:09:40,cod0112,76aabd38809d6ad5141236abdb6d9563,charge - finish,15054.0
732,2024-05-09 10:10:28,cod0171,c6f92a0838596bf1aac964af6c1c09cc,charge - finish,20325.0
733,2024-05-09 10:10:57,cod0035,40f783e43e61163ab0d3803ff3c91636,charge - finish,16062.0
734,2024-05-09 10:14:27,cod0386,b153ea161401d7c68911515ffd65d457,charge - finish,13407.0
735,2024-05-09 10:14:33,cod0163,c73f96696c166b9295ec7407f6c79c1b,charge - finish,4454.0
736,2024-05-09 10:15:02,cod0071,4bef728cf44f6ee697114649e80ae191,charge - finish,7860.0
737,2024-05-09 10:15:19,cod0162,5734bb4825668b18cf9482687c0c2b40,charge - finish,12198.0
738,2024-05-09 10:20:09,cod0022,c55ead078947051a856b1f3beb85f748,charge - finish,15323.0
739,2024-05-09 10:20:09,cod0090,c55ead078947051a856b1f3beb85f748,queue - charge,575452.0
740,2024-05-09 10:25:07,cod0207,fa42af438e58b799189dd26386f5870f,charge - finish,10037.0
741,2024-05-09 10:26:08,cod0387,aecf89d1270d044970cf4da4de7cf218,charge - finish,3213.0
742,2024-05-09 10:28:08,cod0281,cae2be3a60e8d453ec372274f39ad13c,arrive - queue,
743,2024-05-09 10:30:55,cod0028,8e41bc3a65adf0140657739b80141e54,charge - finish,18927.0
744,2024-05-09 10:31:15,cod0368,c391014771f4bf86024b31abdf19483d,charge - finish,12305.0
745,2024-05-09 10:31:54,cod0106,ea2a6f3bb6028ac150aaed0ded9023ab,charge - finish,10852.0
746,2024-05-09 10:33:48,cod0297,c6f92a0838596bf1aac964af6c1c09cc,charge - finish,9565.0
747,2024-05-09 10:33:57,cod0075,563dafe66e94d4e9272688412a7ac2b9,charge - finish,14014.0
748,2024-05-09 10:33:57,cod0198,563dafe66e94d4e9272688412a7ac2b9,queue - charge,578954.0
749,2024-05-09 10:36:04,cod0026,d4430aa7d7bf3f30bb8fedc3e0650700,arrive - queue,
750,2024-05-09 10:42:31,cod0314,5b86822a19499d9df224ab24f21eba18,charge - finish,4160.0
751,2024-05-09 10:43:50,cod0116,aecf89d1270d044970cf4da4de7cf218,charge - finish,3202.0
752,2024-05-09 10:49:03,cod0150,c701a997d9bef627835b036efb4eca63,charge - finish,16178.0
753,2024-05-09 10:49:03,cod0194,d12ffc3496b137532d0b8210a9534e9a,charge - finish,6326.0
754,2024-05-09 10:49:04,cod0283,119f6887f5ebfd6d5b40213819263e68,charge - finish,17336.0
755,2024-05-09 10:49:30,cod0275,5d0e19c6c541acec303211eb3d34ab7f,queue - give up,3991.0
756,2024-05-09 10:52:22,cod0006,cae2be3a60e8d453ec372274f39ad13c,queue - give up,5530.0
757,2024-05-09 10:54:12,cod0279,1b7f860f0874f582a9118ec56a879e56,charge - finish,8751.0
758,2024-05-09 10:54:24,cod0378,6cc14668d720ff3088c3e2325745080c,charge - finish,21205.0
759,2024-05-09 10:57:37,cod0056,026e4ab9d68f3537b91f1930471a999c,charge - finish,3946.0
760,2024-05-09 10:59:43,cod0126,ac7a21c48f5833b33a5b606b2089e6a9,charge - finish,7103.0
761,2024-05-09 11:04:50,cod0274,8f028dba0fa506bbdca297e5fe9d781c,charge - finish,12355.0
762,2024-05-09 11:13:46,cod0179,ea2a6f3bb6028ac150aaed0ded9023ab,charge - finish,4766.0
763,2024-05-09 11:16:01,cod0019,c29eca2a07c0836f99fe240c05cecce7,charge - finish,8859.0
764,2024-05-09 11:16:11,cod0204,16644a3ed5102e32e7fa6cfb3fd5d00a,charge - finish,16063.0
765,2024-05-09 11:17:26,cod0240,50311a81ea533e1ef7c497e042778e6b,queue - give up,7025.0
766,2024-05-09 11:18:01,cod0247,43a944b4d8dee4aa8a64941d4dde5f33,charge - finish,20736.0
767,2024-05-09 11:20:30,cod0249,5d0e19c6c541acec303211eb3d34ab7f,charge - finish,10782.0
768,2024-05-09 11:26:33,cod0222,1dcf139ba8f25a7c487f0af16ae7d53b,charge - finish,21374.0
769,2024-05-09 11:29:08,cod0312,cae2be3a60e8d453ec372274f39ad13c,charge - finish,16576.0
770,2024-05-09 11:29:08,cod0281,cae2be3a60e8d453ec372274f39ad13c,queue - charge,577901.0
771,2024-05-09 11:34:14,cod0339,1b7f860f0874f582a9118ec56a879e56,charge - finish,13053.0
772,2024-05-09 11:34:43,cod0136,aa01df8e6c2526116e1a7eab3f634de8,charge - finish,16624.0
773,2024-05-09 11:34:57,cod0256,6fdf51ecb22f365cc01cbf187ce3353f,charge - finish,11040.0
774,2024-05-09 11:38:38,cod0072,52d6b5d0acea76ba75337fb28dbae9b1,charge - finish,9320.0
775,2024-05-09 11:40:21,cod0026,d4430aa7d7bf3f30bb8fedc3e0650700,queue - give up,3857.0
776,2024-05-09 11:41:36,cod0156,cae2be3a60e8d453ec372274f39ad13c,charge - finish,17821.0
777,2024-05-09 11:42:19,cod0371,b1bc88a6e84e94eb2195e54a455eea03,arrive - charge,
778,2024-05-09 11:43:13,cod0384,b4ed71f9558ece5011c54704204713c6,charge - finish,20115.0
779,2024-05-09 11:43:46,cod0155,b52630c925d39fd3e8917621a930705f,arrive - charge,
780,2024-05-09 11:45:14,cod0229,5c81e23a425043e4d1b3ffd58b6d2125,arrive - queue,
781,2024-05-09 11:45:16,cod0117,2f130bae5a3948b1fb3aac9477b4dab2,charge - finish,21119.0
782,2024-05-09 11:45:59,cod0182,7b5fb650c7bca123d83dd9cf7f7f9bca,charge - finish,16959.0
783,2024-05-09 11:46:07,cod0011,ca8d21df569a9d8e405d3c8cec5a00a0,charge - finish,20436.0
784,2024-05-09 11:50:31,cod0338,e757852199c96e39152d28c1efea00c0,charge - finish,13088.0
785,2024-05-09 11:53:27,cod0281,cae2be3a60e8d453ec372274f39ad13c,charge - finish,1459.0
786,2024-05-09 11:53:30,cod0359,2efdd936737e33835e28cd6724149bfe,arrive - charge,
787,2024-05-09 11:53:59,cod0200,6b249c7c7dc2164a67edeb1e67a36436,charge - finish,7461.0
788,2024-05-09 11:55:57,cod0138,e757852199c96e39152d28c1efea00c0,charge - finish,8859.0
789,2024-05-09 11:57:12,cod0337,c391014771f4bf86024b31abdf19483d,charge - finish,11631.0
790,2024-05-09 12:00:33,cod0140,5c81e23a425043e4d1b3ffd58b6d2125,charge - finish,15265.0
791,2024-05-09 12:00:33,cod0229,5c81e23a425043e4d1b3ffd58b6d2125,queue - charge,575160.0
792,2024-05-09 12:02:13,cod0343,119f6887f5ebfd6d5b40213819263e68,charge - finish,10205.0
793,2024-05-09 12:13:24,cod0040,50311a81ea533e1ef7c497e042778e6b,charge - finish,9734.0
794,2024-05-09 12:17:27,cod0278,0337b072bf67d2d155103851a4f90466,charge - finish,15892.0
795,2024-05-09 12:19:43,cod0332,d0dc2b0962c01d6b64275a971ca3158a,charge - finish,10914.0
796,2024-05-09 12:20:16,cod0095,d12ffc3496b137532d0b8210a9534e9a,charge - finish,11806.0
797,2024-05-09 12:22:07,cod0254,b4ed71f9558ece5011c54704204713c6,charge - finish,17931.0
798,2024-05-09 12:30:03,cod0229,5c81e23a425043e4d1b3ffd58b6d2125,charge - finish,1770.0
799,2024-05-09 12:30:30,cod0074,0109e4e4477217a485e6b95ec6d6603c,charge - finish,10527.0
800,2024-05-09 12:32:10,cod0359,2efdd936737e33835e28cd6724149bfe,charge - finish,2320.0
801,2024-05-09 12:32:34,cod0371,b1bc88a6e84e94eb2195e54a455eea03,charge - finish,3015.0
802,2024-05-09 12:36:40,cod0355,fa42af438e58b799189dd26386f5870f,charge - finish,16066.0
803,2024-05-09 12:40:03,cod0311,8a7a2a135d4d237e650116bc579d0d08,charge - finish,14906.0
804,2024-05-09 12:48:52,cod0301,d6bb333630a2060e2367759169e54570,charge - finish,17590.0
805,2024-05-09 13:10:37,cod0086,88692f34e175f423ac0ebf267c158e2e,charge - finish,14395.0
806,2024-05-09 13:14:39,cod0027,563dafe66e94d4e9272688412a7ac2b9,charge - finish,19217.0
807,2024-05-09 13:16:07,cod0329,963e82893dbdc1ab86670eaef29f43a2,charge - finish,12215.0
808,2024-05-09 13:16:44,cod0188,50311a81ea533e1ef7c497e042778e6b,charge - finish,17952.0
809,2024-05-09 13:24:40,cod0130,40f783e43e61163ab0d3803ff3c91636,charge - finish,15898.0
810,2024-05-09 13:34:03,cod0295,963e82893dbdc1ab86670eaef29f43a2,charge - finish,16242.0
811,2024-05-09 13:37:22,cod0094,d4430aa7d7bf3f30bb8fedc3e0650700,charge - finish,14614.0
812,2024-05-09 13:40:23,cod0319,16644a3ed5102e32e7fa6cfb3fd5d00a,charge - finish,18993.0
813,2024-05-09 13:46:24,cod0168,5ab8cf2bb773fb1b08fb934567cddb6a,charge - finish,19517.0
814,2024-05-09 13:48:11,cod0383,4175883acf83089135ff7acd62567221,charge - finish,16192.0
815,2024-05-09 13:49:07,cod0356,d4430aa7d7bf3f30bb8fedc3e0650700,charge - finish,17225.0
816,2024-05-09 14:02:19,cod0199,c55ead078947051a856b1f3beb85f748,charge - finish,15220.0
817,2024-05-09 14:04:22,cod0090,c55ead078947051a856b1f3beb85f748,charge - finish,13453.0
818,2024-05-09 14:13:30,cod0057,d97f2010657aba8b865b445a35ae1468,charge - finish,18055.0
819,2024-05-09 14:19:14,cod0166,22d5d332428968f85ded9ffec389686c,charge - finish,21094.0
820,2024-05-09 14:52:59,cod0170,911db67dc5eebd24d7787d69d4974ca4,charge - finish,18725.0
821,2024-05-09 15:08:24,cod0357,ac7a21c48f5833b33a5b606b2089e6a9,charge - finish,19824.0
822,2024-05-09 15:18:58,cod0198,563dafe66e94d4e9272688412a7ac2b9,charge - finish,17101.0
823,2024-05-09 15:24:39,cod0017,e0208aba8eb0e6d27b9a283bd2c786a7,charge - finish,19877.0
824,2024-05-09 15:29:47,cod0093,c68e180dfd52ae72565d7b8b8c487a2c,charge - finish,20046.0
825,2024-05-09 17:41:50,cod0155,b52630c925d39fd3e8917621a930705f,charge - finish,21484.0
